neuron,in_trigger_window,z1_clean,z1_glitch,z1_delta,abs_z1_delta,expected_a1_clean,expected_a1_glitch,a1_clean,a1_glitch,a1_delta,abs_a1_delta,abs_err_clean,abs_err_glitch,neg_not_zeroed,pos_unexpectedly_zeroed,finite_wrong_value,violated,sign_class_clean,sign_class_glitch
0,False,1.1859821,1.1859821,0.0,0.0,1.1859821,1.1859821,1.1859821,1.1859821,0.0,0.0,0.0,0.0,False,False,False,False,pos,pos
1,False,0.89846563,0.89846563,0.0,0.0,0.89846563,0.89846563,0.89846563,0.89846563,0.0,0.0,0.0,0.0,False,False,False,False,pos,pos
2,False,3.3476038,3.3476038,0.0,0.0,3.3476038,3.3476038,3.3476038,3.3476038,0.0,0.0,0.0,0.0,False,False,False,False,pos,pos
3,False,4.645538,4.645538,0.0,0.0,4.645538,4.645538,4.645538,4.645538,0.0,0.0,0.0,0.0,False,False,False,False,pos,pos
4,False,2.4458745,2.4458745,0.0,0.0,2.4458745,2.4458745,2.4458745,2.4458745,0.0,0.0,0.0,0.0,False,False,False,False,pos,pos
5,False,0.7053696,0.7053696,0.0,0.0,0.7053696,0.7053696,0.7053696,0.7053696,0.0,0.0,0.0,0.0,False,False,False,False,pos,pos
6,False,3.9132445,3.9132445,0.0,0.0,3.9132445,3.9132445,3.9132445,3.9132445,0.0,0.0,0.0,0.0,False,False,False,False,pos,pos
7,False,1.003572,1.003572,0.0,0.0,1.003572,1.003572,1.003572,1.003572,0.0,0.0,0.0,0.0,False,False,False,False,pos,pos
8,False,1.0406003,1.0406003,0.0,0.0,1.0406003,1.0406003,1.0406003,1.0406003,0.0,0.0,0.0,0.0,False,False,False,False,pos,pos
9,False,3.472173,3.472173,0.0,0.0,3.472173,3.472173,3.472173,3.472173,0.0,0.0,0.0,0.0,False,False,False,False,pos,pos
10,False,-1.3899307,-1.3899307,0.0,0.0,0.0,0.0,0.0,0.0,0.0,0.0,0.0,0.0,False,False,False,False,neg,neg
11,False,-0.84877026,-0.84877026,0.0,0.0,0.0,0.0,0.0,0.0,0.0,0.0,0.0,0.0,False,False,False,False,neg,neg
12,False,-1.3165603,-1.3165603,0.0,0.0,0.0,0.0,0.0,0.0,0.0,0.0,0.0,0.0,False,False,False,False,neg,neg
13,False,-1.0076547,-1.0076547,0.0,0.0,0.0,0.0,0.0,0.0,0.0,0.0,0.0,0.0,False,False,False,False,neg,neg
14,False,4.6722627,4.6722627,0.0,0.0,4.6722627,4.6722627,4.6722627,4.6722627,0.0,0.0,0.0,0.0,False,False,False,False,pos,pos
15,False,5.4658923,5.4658923,0.0,0.0,5.4658923,5.4658923,5.4658923,5.4658923,0.0,0.0,0.0,0.0,False,False,False,False,pos,pos
16,True,-3.9165235,-3.9165235,0.0,0.0,0.0,0.0,0.0,-3.9165235,-3.9165235,3.9165235,0.0,3.9165235,True,False,False,True,neg,neg
17,True,-1.9126153,-1.9126153,0.0,0.0,0.0,0.0,0.0,0.0,0.0,0.0,0.0,0.0,False,False,False,False,neg,neg
18,True,2.0590231,2.0590231,0.0,0.0,2.0590231,2.0590231,2.0590231,2.0590231,0.0,0.0,0.0,0.0,False,False,False,False,pos,pos
19,True,1.2737544,1.2737544,0.0,0.0,1.2737544,1.2737544,1.2737544,1.2737544,0.0,0.0,0.0,0.0,False,False,False,False,pos,pos
20,True,0.16082238,0.16082238,0.0,0.0,0.16082238,0.16082238,0.16082238,0.16082238,0.0,0.0,0.0,0.0,False,False,False,False,pos,pos
21,True,3.5122342,3.5122342,0.0,0.0,3.5122342,3.5122342,3.5122342,3.5122342,0.0,0.0,0.0,0.0,False,False,False,False,pos,pos
22,True,-1.6297945,-1.6297945,0.0,0.0,0.0,0.0,0.0,0.0,0.0,0.0,0.0,0.0,False,False,False,False,neg,neg
23,True,0.76736104,0.76736104,0.0,0.0,0.76736104,0.76736104,0.76736104,0.76736104,0.0,0.0,0.0,0.0,False,False,False,False,pos,pos
24,False,3.4093966,3.4093966,0.0,0.0,3.4093966,3.4093966,3.4093966,3.4093966,0.0,0.0,0.0,0.0,False,False,False,False,pos,pos
25,False,-0.55681604,-0.55681604,0.0,0.0,0.0,0.0,0.0,0.0,0.0,0.0,0.0,0.0,False,False,False,False,neg,neg
26,False,-0.14342687,-0.14342687,0.0,0.0,0.0,0.0,0.0,0.0,0.0,0.0,0.0,0.0,False,False,False,False,neg,neg
27,False,-3.5382662,-3.5382662,0.0,0.0,0.0,0.0,0.0,0.0,0.0,0.0,0.0,0.0,False,False,False,False,neg,neg
28,False,-2.3614857,-2.3614857,0.0,0.0,0.0,0.0,0.0,0.0,0.0,0.0,0.0,0.0,False,False,False,False,neg,neg
29,False,-2.1154857,-2.1154857,0.0,0.0,0.0,0.0,0.0,0.0,0.0,0.0,0.0,0.0,False,False,False,False,neg,neg
30,False,1.5293596,1.5293596,0.0,0.0,1.5293596,1.5293596,1.5293596,1.5293596,0.0,0.0,0.0,0.0,False,False,False,False,pos,pos
31,False,-0.46629846,-0.46629846,0.0,0.0,0.0,0.0,0.0,0.0,0.0,0.0,0.0,0.0,False,False,False,False,neg,neg
32,False,0.9309524,0.9309524,0.0,0.0,0.9309524,0.9309524,0.9309524,0.9309524,0.0,0.0,0.0,0.0,False,False,False,False,pos,pos
33,False,-5.3614964,-5.3614964,0.0,0.0,0.0,0.0,0.0,0.0,0.0,0.0,0.0,0.0,False,False,False,False,neg,neg
34,False,-2.1968846,-2.1968846,0.0,0.0,0.0,0.0,0.0,0.0,0.0,0.0,0.0,0.0,False,False,False,False,neg,neg
35,False,2.0825524,2.0825524,0.0,0.0,2.0825524,2.0825524,2.0825524,2.0825524,0.0,0.0,0.0,0.0,False,False,False,False,pos,pos
36,False,1.1561472,1.1561472,0.0,0.0,1.1561472,1.1561472,1.1561472,1.1561472,0.0,0.0,0.0,0.0,False,False,False,False,pos,pos
37,False,3.4407616,3.4407616,0.0,0.0,3.4407616,3.4407616,3.4407616,3.4407616,0.0,0.0,0.0,0.0,False,False,False,False,pos,pos
38,False,1.0313314,1.0313314,0.0,0.0,1.0313314,1.0313314,1.0313314,1.0313314,0.0,0.0,0.0,0.0,False,False,False,False,pos,pos
39,False,-0.42662808,-0.42662808,0.0,0.0,0.0,0.0,0.0,0.0,0.0,0.0,0.0,0.0,False,False,False,False,neg,neg
40,False,0.9312432,0.9312432,0.0,0.0,0.9312432,0.9312432,0.9312432,0.9312432,0.0,0.0,0.0,0.0,False,False,False,False,pos,pos
41,False,4.502414,4.502414,0.0,0.0,4.502414,4.502414,4.502414,4.502414,0.0,0.0,0.0,0.0,False,False,False,False,pos,pos
42,False,-0.70294327,-0.70294327,0.0,0.0,0.0,0.0,0.0,0.0,0.0,0.0,0.0,0.0,False,False,False,False,neg,neg
43,False,-2.7244735,-2.7244735,0.0,0.0,0.0,0.0,0.0,0.0,0.0,0.0,0.0,0.0,False,False,False,False,neg,neg
44,False,-6.6128497,-6.6128497,0.0,0.0,0.0,0.0,0.0,0.0,0.0,0.0,0.0,0.0,False,False,False,False,neg,neg
45,False,-4.2553325,-4.2553325,0.0,0.0,0.0,0.0,0.0,0.0,0.0,0.0,0.0,0.0,False,False,False,False,neg,neg
46,False,1.8458825,1.8458825,0.0,0.0,1.8458825,1.8458825,1.8458825,1.8458825,0.0,0.0,0.0,0.0,False,False,False,False,pos,pos
47,False,-0.16736066,-0.16736066,0.0,0.0,0.0,0.0,0.0,0.0,0.0,0.0,0.0,0.0,False,False,False,False,neg,neg
48,False,-0.3459542,-0.3459542,0.0,0.0,0.0,0.0,0.0,0.0,0.0,0.0,0.0,0.0,False,False,False,False,neg,neg
49,False,3.2196026,3.2196026,0.0,0.0,3.2196026,3.2196026,3.2196026,3.2196026,0.0,0.0,0.0,0.0,False,False,False,False,pos,pos
50,False,-0.674643,-0.674643,0.0,0.0,0.0,0.0,0.0,0.0,0.0,0.0,0.0,0.0,False,False,False,False,neg,neg
51,False,1.6970543,1.6970543,0.0,0.0,1.6970543,1.6970543,1.6970543,1.6970543,0.0,0.0,0.0,0.0,False,False,False,False,pos,pos
52,False,-8.664921,-8.664921,0.0,0.0,0.0,0.0,0.0,0.0,0.0,0.0,0.0,0.0,False,False,False,False,neg,neg
53,False,1.5884907,1.5884907,0.0,0.0,1.5884907,1.5884907,1.5884907,1.5884907,0.0,0.0,0.0,0.0,False,False,False,False,pos,pos
54,False,-2.4674418,-2.4674418,0.0,0.0,0.0,0.0,0.0,0.0,0.0,0.0,0.0,0.0,False,False,False,False,neg,neg
55,False,3.3855836,3.3855836,0.0,0.0,3.3855836,3.3855836,3.3855836,3.3855836,0.0,0.0,0.0,0.0,False,False,False,False,pos,pos
56,False,-0.18046221,-0.18046221,0.0,0.0,0.0,0.0,0.0,0.0,0.0,0.0,0.0,0.0,False,False,False,False,neg,neg
57,False,0.25378922,0.25378922,0.0,0.0,0.25378922,0.25378922,0.25378922,0.25378922,0.0,0.0,0.0,0.0,False,False,False,False,pos,pos
58,False,3.104423,3.104423,0.0,0.0,3.104423,3.104423,3.104423,3.104423,0.0,0.0,0.0,0.0,False,False,False,False,pos,pos
59,False,0.35373425,0.35373425,0.0,0.0,0.35373425,0.35373425,0.35373425,0.35373425,0.0,0.0,0.0,0.0,False,False,False,False,pos,pos
60,False,-1.3331711,-1.3331711,0.0,0.0,0.0,0.0,0.0,0.0,0.0,0.0,0.0,0.0,False,False,False,False,neg,neg
61,False,-2.0806568,-2.0806568,0.0,0.0,0.0,0.0,0.0,0.0,0.0,0.0,0.0,0.0,False,False,False,False,neg,neg
62,False,2.3038547,2.3038547,0.0,0.0,2.3038547,2.3038547,2.3038547,2.3038547,0.0,0.0,0.0,0.0,False,False,False,False,pos,pos
63,False,2.4299552,2.4299552,0.0,0.0,2.4299552,2.4299552,2.4299552,2.4299552,0.0,0.0,0.0,0.0,False,False,False,False,pos,pos
